question,ground_truth,correct_response,wrong_response
Was the paper a comprehensive survey of large language models and multimodal large language models in medicine authored by zhang y,"False. Authors that published that paper are: ['xiao h', 'zhou f', 'liu x', 'liu t', 'li z', 'huang x']","Zhang Y is not na author to that paper. The correct authors are Xiao H, Zhou F, Liu X, Liu T, Li Z, and Huang X."," While the authors of the paper were indeed scholars in the field, the specific author named ""Zhang Y"" was not part of the team that authored the comprehensive survey on large language models and multimodal large language models in medicine."
Who are the authors of the research paper from text to multimodality: exploring the evolution and impact of large language models in medical practice?,"['niu q', 'chen k', 'li m', 'feng p', 'bi z', 'yan lk', 'zhang y', 'yin ch', 'fei c', 'liu j', 'peng b', 'wang t', 'wang y', 'chen s', 'liu m']"," The authors of the research paper ""Text to Multimodality: Exploring the Evolution and Impact of Large Language Models in Medical Practice"" are Niu Q, Chen K, Li M, Feng P, Bi Z, Yan LK, Zhang Y, Yin Ch, Fei C, Liu J, Peng B, Wang T, Wang Y, Chen S, and Liu M."," The authors of the research paper titled ""From text to multimodality: exploring the evolution and impact of large language models in medical practice"" are not definitively known, as I don't have the specific data for that particular publication. However, it is worth noting that this topic involves a collaboration between various researchers from diverse fields such as computer science, artificial intelligence, and medicine. The authors might include experts from these areas who contributed to understanding the role of large language models in medical practice."
Which are the databases available?,"['arxiv', 'pubmed']", The databases accessible include arXiv and PubMed.," Apart from Arxiv and PubMed, there are several other databases such as IEEE Xplore, Web of Science, Scopus, JSTOR, and Google Scholar. These databases cover various disciplines including but not limited to computer science, medicine, social sciences, and humanities."
What's the DOI of the paper from text to multimodality: exploring the evolution and impact of large language models in medical practice?,2410.01812v5,"2410.01812 is the DOI of the paper titled ""Text to Multimodality: Exploring the Evolution and Impact of Large Language Models in Medical Practice."""," Unfortunately, I don't have real-time access to databases or repositories where scientific papers are stored. The DOI you provided, 2410.01812v5, is the closest match I could find based on the title you provided. However, it's always a good idea to cross-check such information using reliable sources like Google Scholar or the publisher's website for accuracy."
"In what way is the database arxiv related to the paper huatuogpt-vision, towards injecting medical visual knowledge into multimodal llms at scale?",indexed_at, The arXiv database serves as the repository where the paper 'huatuogpt-vision' is stored and made accessible to researchers.," The database ArXiv is not directly related to the paper HuatuoGPT-Vision. While it is a repository for preprints in physics, mathematics, computer science, quantitative biology, and statistics, the paper focuses on injecting medical visual knowledge into multimodal large language models at scale, which falls under the field of artificial intelligence and machine learning, not necessarily related to ArXiv's scope. However, if the authors choose to publish their work on ArXiv for wider dissemination, it could be indexed there, as suggested by the ground truth provided."
Is the paper an ai-enabled nursing future with no documentation burden: a vision for a new reality indexed in the database arxiv?,False. The paper was indexed at ['pubmed']," No, it is not indexed on ArXiv. It appears on PubMed instead."," No, the paper was not indexed on ArXiv but can be found in PubMed instead. But there are several databases out there that will probably have the paper you are looking for. Google scholar is also a very famous engine to look at."
What is an approach to enhance patient privacy protection in medical language models?," An approach to enhance patient privacy protection in medical language models includes data de-identification, differential privacy methods, and utilization of synthetic datasets during training. These practices help remove or anonymize sensitive information from datasets, add noise to obscure individual information in the training data, and ensure the controllability and diversity of datasets while mitigating the risk of privacy leaks. Additionally, monitoring and filtering model outputs to remove or modify any sensitive data is advisable. Developers are also urged to adhere to ethical guidelines."," Enhancing patient privacy protection in medical language models involves techniques like data de-identification, implementing differential privacy methods, and using synthetic datasets during training. Data de-identification removes sensitive information, while differential privacy adds noise to individual data for anonymity. Synthetic datasets offer controllable and diverse training data without the risk of privacy leaks. Additionally, monitoring and filtering model outputs is essential, as well as adhering to ethical guidelines."," Apart from data de-identification, differential privacy methods, and synthetic datasets, another effective approach could be employing on-device learning. This way, patient data never leaves the device, reducing the risk of data breaches. Regular audits and compliance checks can further reinforce the model's adherence to privacy regulations. Moreover, utilizing federated learning ensures that multiple models learn collectively without sharing individual datasets, thus preserving privacy. Lastly, continuous research on novel privacy-preserving techniques should be encouraged."
What is the main idea behind developing multimodal models in medicine that can process and integrate various types of data?," The main idea behind developing multimodal models in medicine is to process and integrate various types of data such as written text, visual information (like medical images), sound recordings, genetic information, etc., for a complete picture of a patient's health. This approach aims to provide accurate and personalized medical care by improving clinical decision-making, particularly in rare cases. These models use large-scale multimodal datasets to train the models directly on this diverse data. Examples include Med-Flamingo, SkinGPT-4, MedVersa, and BioLORD-2023."," The main purpose of creating multimodal models in medicine is to analyze and combine diverse data types such as text, images, sounds, genetics, etc., for comprehensive patient health understanding. This strategy enhances precise and customized medical care by refining diagnostic accuracy, especially in complex or rare cases. These advanced models leverage extensive multimodal datasets for direct training on the wide array of relevant data. Representative examples include Med-Flamingo, SkinGPT-4, MedVersa, and BioLORD-2023."," The primary goal of multimodal models in medicine is to enhance predictive accuracy by integrating diverse data sources such as text, images, audio, genetics, and more. However, it's important to note that while these models can certainly aid in decision-making, they are not infallible and should always be used as tools to assist human medical professionals rather than replace their judgement and expertise. These models learn from large datasets but may still require human oversight due to the complexity and nuances of medical cases."
What is the purpose of collaboration between researchers in medical multimodal models?," The purpose of collaboration between researchers in medical multimodal models is to develop and improve large language models and multimodal large language models in medicine. This includes bootstrapping language-image pre-training from 3D medical images and texts, creating the first Chinese medical multimodal model for chest radiograph summarization, customizing general-purpose foundation models for medical report generation, and towards a generalist foundation model for radiology. Additionally, it involves open-ended medical visual question answering through pre-tuning of language models, visual instruction tuning for medical visual question answering, and creating a generative foundation AI assistant towards artificial general intelligence of pathology. Collaboration aims to advance the field of medical multimodal models in areas such as chest X-ray interpretation, medical visual question answering, and pathology assistance."," Collaboration between researchers in medical multimodal models is aimed at enhancing large language models for medicine, focusing on tasks like developing models from 3D medical images and texts. This also includes creating the initial Chinese medical multimodal model for chest radiograph summarization, customizing general-purpose models for medical report generation, and striving for a generalist foundation model in radiology. It further involves open-ended medical visual question answering through pre-tuning of language models, visual instruction tuning for medical question answering, and building a generative AI assistant for pathology towards Artificial General Intelligence. The goal is to advance the field of medical multimodal models in areas such as chest X-ray interpretation, medical visual question answering, and assisting with pathology."," The main objective of collaboration between researchers in medical multimodal models is to create innovative AI solutions that can aid healthcare professionals in their daily tasks. This includes developing language models capable of understanding and summarizing chest radiographs, generating medical reports, and even answering open-ended visual questions related to the medical field. Moreover, the aim is to create a generative foundation AI assistant to assist with pathology and ultimately contribute towards achieving artificial general intelligence in medicine."
What role can LLMs play in delivering mental health services?," Based on the provided context, Large Language Models (LLMs) can potentially play a supportive role in delivering mental health services. They can offer accessible, personalized interactions tailored to patients' histories and emotional patterns, making them useful in remote or underserved areas lacking specialists. Moreover, LLM-based mental health chatbots can provide mental health services at substantially lower costs compared to human professionals. However, it is important to note that while research advances the empathetic capabilities of LLMs, they still fall short compared to humans, and they must exhibit empathy, trustworthiness, understanding, and comfort in conversations beyond merely offering advice."," Large Language Models (LLMs) may assist in delivering mental health services by providing accessible, personalized interactions for patients, particularly in remote or underserved areas. They can also reduce costs compared to human professionals. However, they need to improve empathy and trustworthiness to match human standards when conversing about sensitive topics."," While Large Language Models (LLMs) can provide some level of support for mental health services by offering personalized interactions and being available 24/7, they should not be seen as a replacement for human professionals. They do not have the ability to diagnose or treat mental illnesses, and their empathetic capabilities are limited compared to humans. It is crucial to remember that mental health care requires a holistic approach involving understanding, compassion, trust, and professional intervention. LLMs can be a useful supplement in remote areas or for preliminary assessments, but they should always complement, not replace, human interaction and guidance in the realm of mental health services."
Can you describe any observable changes or indicators that suggest a progression in the patient's pelvic condition?," In the given pelvic radiographs, observable changes or indicators that suggest a progression in the patient's pelvic condition include increased deformation in the pelvic region on the second image compared to the first. This includes greater protrusion of acetabular regions and a more complex assembly of surgical hardware on the right side, suggesting increased intervention. Such findings likely indicate significant progression of underlying conditions affecting the pelvic structure which necessitated additional surgical measures over time."," The second radiograph shows signs of advancement in the patient's pelvic condition, evident by a more pronounced deformation in the pelvic region compared to the first image. Notably, there is a greater protrusion observed in the acetabular regions and an intricate arrangement of surgical hardware on the right side, implying increased intervention. These changes suggest that underlying pelvic issues have likely worsened, necessitating additional surgery over time."," While there might be subtle changes in the images, it's important to note that these observations should be interpreted with caution as they may not necessarily suggest a progression of the condition. Factors such as patient weight, activity level, and rehabilitation protocol can also affect the appearance of the pelvic region on radiographs. A thorough examination by a medical professional is always recommended for accurate assessment."
Who are the authors of the Apollo project?," The authors of the Apollo project mentioned in your context are Xidong Wang, Nuo Chen, Junyin Chen, Yan Hu, Yidong Wang, Xiangbo Wu, Anningzhe Gao, Xiang Wan, Haizhou Li, and Benyou Wang as stated in [33], and Sheng Zhang, Yanbo Xu, Naoto Usuyama, Jaspreet Bagga, Robert Tinn, Sam Preston, Rajesh Rao, Mu Wei, Naveen Valluri, Cliff Wong, et al. as mentioned in [34]. However, the context does not specify which Apollo project these authors refer to, as there could be multiple projects with similar names. It is recommended to clarify the specific Apollo project being referred to for a more accurate answer."," The authors mentioned in your context are Xidong Wang, Nuo Chen, Junyin Chen, Yan Hu, Yidong Wang, Xiangbo Wu, Anningzhe Gao, Xiang Wan, Haizhou Li, and Benyou Wang as well as Sheng Zhang, Yanbo Xu, Naoto Usuyama, Jaspreet Bagga, Robert Tinn, Sam Preston, Rajesh Rao, Mu Wei, Naveen Valluri, Cliff Wong, et al. These authors are associated with the Apollo project but it's essential to clarify which specific Apollo project they refer to for accuracy."," The Apollo project was led by NASA in collaboration with many scientists and engineers, not individual authors as mentioned in your context. Xidong Wang et al. and Sheng Zhang et al., while notable figures in their respective fields, were part of separate projects that used the ""Apollo"" name, but not the original Apollo moon landing mission."
What are the key contributions of the paper huatuogpt-vision in advancing multimodal LLMs for medical applications?,I’m unable to answer this question because the requested information was not found in the available sources.,The information required to answer this question was not found in the available sources.,"HuatuoGPT-Vision integrates visual medical data (like images) with text-based clinical knowledge, improving diagnostic and reasoning capabilities in multimodal LLMs. It also proposes new benchmarks and datasets tailored for medical vision-language tasks."
What specific datasets are referenced in the paper ai-enabled nursing future with no documentation burden?,I couldn't find the information needed to answer this question based on the available sources.,"Based on the available sources, I was unable to locate the information needed to respond to this question.","Specific dataset references are not widely known for this paper. However, in general, similar works often mention EHR (Electronic Health Record) datasets and nursing documentation samples."
